tweet,clause,topic,sentiment,sentiment_score
"que en @marcsarrats és un flipat és un fet. però poster tu també ho ets una mica o tots ho vam ser en algun moment. si vols descobrir-ho, no et perdis el seu show ‘alta flipamenta’, el primer especial de comèdia en català de la plataforma @som3cat!",que,pregunta,neutral,0.389
"que en @marcsarrats és un flipat és un fet. però poster tu també ho ets una mica o tots ho vam ser en algun moment. si vols descobrir-ho, no et perdis el seu show ‘alta flipamenta’, el primer especial de comèdia en català de la plataforma @som3cat!",en @marcsarrats és un flipat és un fet . però poster tu també ho ets una mica o,unknown,positive,0.399
"que en @marcsarrats és un flipat és un fet. però poster tu també ho ets una mica o tots ho vam ser en algun moment. si vols descobrir-ho, no et perdis el seu show ‘alta flipamenta’, el primer especial de comèdia en català de la plataforma @som3cat!",tots ho vam ser en algun moment . si,pregunta,neutral,0.501
"que en @marcsarrats és un flipat és un fet. però poster tu també ho ets una mica o tots ho vam ser en algun moment. si vols descobrir-ho, no et perdis el seu show ‘alta flipamenta’, el primer especial de comèdia en català de la plataforma @som3cat!","vols descobrir-ho , no et perdis el seu show ‘ alta flipamenta ’ , el primer especial de comèdia en català de la plataforma @som3cat !",unknown,positive,0.567
@cruillabcn @jordigraupera @marcsarrats @som3cat meh. mediocre.,@cruillabcn @jordigraupera @marcsarrats @som3cat meh . mediocre .,unknown,negative,0.838
@cruillabcn @marcsarrats @som3cat puffff,@cruillabcn @marcsarrats @som3cat puffff,sonido,negative,0.745
"@cruillabcn @marcsarrats @som3cat passo, gràcies. a veure quan feu res de qualitat.","@cruillabcn @marcsarrats @som3cat passo , gràcies . a veure quan feu res de qualitat .",experiencia,positive,0.542
@cruillabcn @marcsarrats @som3cat ni puta gràcia.,@cruillabcn @marcsarrats @som3cat ni,sonido,neutral,0.512
@cruillabcn @marcsarrats @som3cat ni puta gràcia.,puta gràcia .,unknown,negative,0.924
"@cruillabcn @marcsarrats @som3cat un flipat, un mediocre… i un bully.","@cruillabcn @marcsarrats @som3cat un flipat , un mediocre … i",sonido,negative,0.938
"@cruillabcn @marcsarrats @som3cat un flipat, un mediocre… i un bully.",un bully .,unknown,negative,0.898
"@renfe tren oficial del festival cruïlla del 10 al 13 de juliol, al parc del fòrum de barcelona les estacions de rodalies de sant adrià del besòs i el clot són les més properes al recinte més informació a:","@renfe tren oficial del festival cruïlla del 10 al 13 de juliol , al parc del fòrum de barcelona les estacions de rodalies de sant adrià del besòs i",transporte,neutral,0.783
"@renfe tren oficial del festival cruïlla del 10 al 13 de juliol, al parc del fòrum de barcelona les estacions de rodalies de sant adrià del besòs i el clot són les més properes al recinte més informació a:",el clot són les més properes al recinte més informació a,unknown,neutral,0.54
"@renfe tren oficial del festival cruïlla del 10 al 13 de juliol, al parc del fòrum de barcelona les estacions de rodalies de sant adrià del besòs i el clot són les més properes al recinte més informació a:",:,unknown,neutral,0.425
"@rodalies @renfe bon dia, podeu compartir el horari dels autobusos que van de fabra i puig cap a montcada-ripollet com part de la r3? gràcies!","@rodalies @renfe bon dia , podeu compartir el horari dels autobusos que van de fabra i",pregunta,neutral,0.789
"@rodalies @renfe bon dia, podeu compartir el horari dels autobusos que van de fabra i puig cap a montcada-ripollet com part de la r3? gràcies!",puig cap a montcada-ripollet com part de la r3 ? gràcies !,transporte,neutral,0.6
@rodalies @renfe per què no passen trens direcció barna?,@rodalies @renfe per què no passen trens direcció barna ?,pregunta,negative,0.543
@rodalies @renfe r2 (sortida 10:59 a gràcia) direcció sant vicenç de calders té incidència?,@rodalies @renfe r2 ( sortida 10:59 a gràcia ) direcció sant vicenç de calders té incidència ?,transporte,neutral,0.715
@rodalies @renfe pot ser que encara no hagi rebut els 10€ del abonament del gener abril? com ho puc reclamar?,@rodalies @renfe pot ser que,pregunta,neutral,0.74
@rodalies @renfe pot ser que encara no hagi rebut els 10€ del abonament del gener abril? com ho puc reclamar?,encara no hagi rebut els 10 € del abonament del gener abril ? com ho puc reclamar ?,pregunta,negative,0.527
@rodalies @renfe si no voleu arribar tard millor aneu a peu.,@rodalies @renfe si,unknown,neutral,0.554
@rodalies @renfe si no voleu arribar tard millor aneu a peu.,no voleu arribar tard millor aneu a peu .,transporte,negative,0.625
"@rodalies @renfe uiiiii síiii, unes estacions molt properes al festival. i per tornar-ne com t’ho fas a aquella hora?","@rodalies @renfe uiiiii síiii , unes estacions molt properes al festival . i",transporte,positive,0.656
"@rodalies @renfe uiiiii síiii, unes estacions molt properes al festival. i per tornar-ne com t’ho fas a aquella hora?",per tornar-ne com t’ho fas a aquella hora ?,organización,neutral,0.609
fell for the domino dancing! els llegendaris @petshopboys van convertir el festival cruïlla en la disco dels nostres somnis algú més que encara no hagi superat aquest concertàs?,fell for the domino dancing ! els llegendaris @petshopboys van convertir el festival cruïlla en la disco dels nostres somnis algú més que encara no hagi superat aquest concertàs ?,precios,negative,0.383
@cruillabcn @petshopboys @estrelladammcat one week later @cruillabcn and @petshopboys are always on my mind!,@cruillabcn @petshopboys @estrelladammcat one week later @cruillabcn and @petshopboys are always on my mind !,unknown,positive,0.518
"@cruillabcn @petshopboys @estrelladammcat encara l'estic païnt! és més, voldria repetir-lo!","@cruillabcn @petshopboys @estrelladammcat encara l'estic païnt ! és més , voldria repetir-lo !",unknown,positive,0.37
@cruillabcn @petshopboys @estrelladammcat,@cruillabcn @petshopboys @estrelladammcat,unknown,neutral,0.585
"@cruillabcn @petshopboys @estrelladammcat una llàstima que els hi faltes 1000watts mes de potencia …..gran grup, gran concert però poca “chicha”…..",@cruillabcn @petshopboys @estrelladammcat una llàstima que,unknown,negative,0.953
"@cruillabcn @petshopboys @estrelladammcat una llàstima que els hi faltes 1000watts mes de potencia …..gran grup, gran concert però poca “chicha”…..","els hi faltes 1000watts mes de potencia … .. gran grup , gran concert però poca “ chicha ” … ..",sonido,positive,0.388
"""el sonero del mundo"" oscar d'león recibió su cumpleaños 81 cantando en el festival de cruïlla en barcelona, españa",""" el sonero del mundo "" oscar d'león recibió su cumpleaños 81 cantando en el festival de cruïlla en barcelona , españa",sonido,neutral,0.507
@discosdesalsa inacabable!!!,@discosdesalsa inacabable ! ! !,sonido,negative,0.526
@discosdesalsa 81? alli se ve es 18,@discosdesalsa 81 ? alli se ve es 18,unknown,neutral,0.807
@discosdesalsa que roble mi óscar d'león,@discosdesalsa que,pregunta,neutral,0.52
@discosdesalsa que roble mi óscar d'león,roble mi óscar d'león,unknown,positive,0.473
@discosdesalsa el claro ejemplo que la edad es solo números,@discosdesalsa el claro ejemplo que,sonido,neutral,0.511
@discosdesalsa el claro ejemplo que la edad es solo números,la edad es,unknown,neutral,0.711
@discosdesalsa el claro ejemplo que la edad es solo números,solo números,unknown,neutral,0.769
@discosdesalsa con 30 años menos y no tengo su vitalidad.,@discosdesalsa con 30 años menos y,unknown,neutral,0.708
@discosdesalsa con 30 años menos y no tengo su vitalidad.,no tengo su vitalidad .,unknown,negative,0.633
@discosdesalsa grande óscar,@discosdesalsa grande óscar,unknown,positive,0.848
from 6am in the morning waiting to see @avrillavigne perform today in barcelona at the cruilla festival!,from 6 am in the morning waiting to see @avrillavigne perform today in barcelona at the cruilla festival !,unknown,positive,0.576
@iavrilspain_ @avrillavigne @fihh @mariamocciaati @laauuriiss @packspali @margaraydiaz @ricjimenezfer @yisusss______ @itssangokghost the holy avril poster lmao,@iavrilspain _ @avrillavigne @fihh @mariamocciaati @laauuriiss @packspali @margaraydiaz @ricjimenezfer @yisusss _ _ _ _ _ _ @itssangokghost the holy avril poster lmao,unknown,neutral,0.44
@iavrilspain_ @avrillavigne @fihh @mariamocciaati @laauuriiss @packspali @margaraydiaz @ricjimenezfer @yisusss______ @itssangokghost a qué hora empezó a llegar la gente?,@iavrilspain _ @avrillavigne @fihh @mariamocciaati @laauuriiss @packspali @margaraydiaz @ricjimenezfer @yisusss _ _ _ _ _ _ @itssangokghost a qué hora empezó a,unknown,neutral,0.554
@iavrilspain_ @avrillavigne @fihh @mariamocciaati @laauuriiss @packspali @margaraydiaz @ricjimenezfer @yisusss______ @itssangokghost a qué hora empezó a llegar la gente?,llegar la gente ?,unknown,neutral,0.806
"@iavrilspain_ @avrillavigne @fihh @mariamocciaati @laauuriiss @packspali @margaraydiaz @ricjimenezfer @yisusss______ @itssangokghost amazing enjoy the show!!! portugal is just around the corner, she could just pop up haha","@iavrilspain _ @avrillavigne @fihh @mariamocciaati @laauuriiss @packspali @margaraydiaz @ricjimenezfer @yisusss _ _ _ _ _ _ @itssangokghost amazing enjoy the show ! ! ! portugal is just around the corner , she could just pop up haha",unknown,positive,0.575
@iavrilspain_ @avrillavigne @fihh @mariamocciaati @laauuriiss @packspali @margaraydiaz @ricjimenezfer @yisusss______ @itssangokghost,@iavrilspain _ @avrillavigne @fihh @mariamocciaati @laauuriiss @packspali @margaraydiaz @ricjimenezfer @yisusss _ _ _ _ _ _ @itssangokghost,unknown,neutral,0.442
"new photo of @avrillavigne in the video of ""young &amp; dumb""","new photo of @avrillavigne in the video of "" young & amp ; dumb """,unknown,neutral,0.587
"hey, hey you, you quant portaves esperant a veure @avrillavigne? el somni de molts s'ha fet realitat al cruïlla 2024, serà difícil oblidar aquesta nit","hey , hey you , you quant portaves esperant a veure @avrillavigne ? el somni de molts s'ha fet realitat al cruïlla 2024 , serà difícil oblidar aquesta nit",experiencia,negative,0.482
@cruillabcn @avrillavigne va ser una passada!,@cruillabcn @avrillavigne va ser una passada !,precios,positive,0.571
"@cruillabcn @avrillavigne 2 dies el dimecres la vaig anar a veure a nîmes. després ahir a la nit, a la meva ciutat, bcn i avui a madrid la primera vegada va ser al palau sant jordi, el 27/05/2005. després el 17/09/2011 la vaig veure a paris i l'any passat la vaig veure un altre cop a paris.","@cruillabcn @avrillavigne 2 dies el dimecres la vaig anar a veure a nîmes . després ahir a la nit , a la meva ciutat , bcn i",unknown,neutral,0.643
"@cruillabcn @avrillavigne 2 dies el dimecres la vaig anar a veure a nîmes. després ahir a la nit, a la meva ciutat, bcn i avui a madrid la primera vegada va ser al palau sant jordi, el 27/05/2005. després el 17/09/2011 la vaig veure a paris i l'any passat la vaig veure un altre cop a paris.","avui a madrid la primera vegada va ser al palau sant jordi , el 27/05/2005 . després el 17/09/2011 la vaig veure a paris i",experiencia,neutral,0.718
"@cruillabcn @avrillavigne 2 dies el dimecres la vaig anar a veure a nîmes. després ahir a la nit, a la meva ciutat, bcn i avui a madrid la primera vegada va ser al palau sant jordi, el 27/05/2005. després el 17/09/2011 la vaig veure a paris i l'any passat la vaig veure un altre cop a paris.",l'any passat la vaig veure un altre cop a paris .,experiencia,neutral,0.667
"@cruillabcn @avrillavigne una pasada, me quité la espinita clavada en 2020","@cruillabcn @avrillavigne una pasada , me quité la espinita clavada en 2020",unknown,positive,0.792
"@cruillabcn @avrillavigne sempre podré dir, hi vaig ser","@cruillabcn @avrillavigne sempre podré dir , hi vaig ser",unknown,neutral,0.481
"@cruillabcn @avrillavigne sí, serà difícil oblidar un del pitjors concerts del cruïlla, anys esperant per veura-la i ni te veu ( esperable ) ni es va moure gens, ni un trist saltet, i encare no te els 40... no va acabar que ja estava la meitat del públic esperant amaral.","@cruillabcn @avrillavigne sí , serà difícil oblidar un del pitjors concerts del cruïlla , anys esperant per veura-la i",experiencia,positive,0.511
"@cruillabcn @avrillavigne sí, serà difícil oblidar un del pitjors concerts del cruïlla, anys esperant per veura-la i ni te veu ( esperable ) ni es va moure gens, ni un trist saltet, i encare no te els 40... no va acabar que ja estava la meitat del públic esperant amaral.",ni,unknown,neutral,0.385
"@cruillabcn @avrillavigne sí, serà difícil oblidar un del pitjors concerts del cruïlla, anys esperant per veura-la i ni te veu ( esperable ) ni es va moure gens, ni un trist saltet, i encare no te els 40... no va acabar que ja estava la meitat del públic esperant amaral.",te veu ( esperable ) ni,unknown,negative,0.504
"@cruillabcn @avrillavigne sí, serà difícil oblidar un del pitjors concerts del cruïlla, anys esperant per veura-la i ni te veu ( esperable ) ni es va moure gens, ni un trist saltet, i encare no te els 40... no va acabar que ja estava la meitat del públic esperant amaral.","es va moure gens , ni",sonido,negative,0.774
"@cruillabcn @avrillavigne sí, serà difícil oblidar un del pitjors concerts del cruïlla, anys esperant per veura-la i ni te veu ( esperable ) ni es va moure gens, ni un trist saltet, i encare no te els 40... no va acabar que ja estava la meitat del públic esperant amaral.","un trist saltet , i",sonido,negative,0.943
"@cruillabcn @avrillavigne sí, serà difícil oblidar un del pitjors concerts del cruïlla, anys esperant per veura-la i ni te veu ( esperable ) ni es va moure gens, ni un trist saltet, i encare no te els 40... no va acabar que ja estava la meitat del públic esperant amaral.",encare no te els 40 ... no va acabar que,unknown,negative,0.852
"@cruillabcn @avrillavigne sí, serà difícil oblidar un del pitjors concerts del cruïlla, anys esperant per veura-la i ni te veu ( esperable ) ni es va moure gens, ni un trist saltet, i encare no te els 40... no va acabar que ja estava la meitat del públic esperant amaral.",ja estava la meitat del públic esperant amaral .,comida,negative,0.562
bueno ya me voy a soundcheck 6h15 en el escenario johnnie walker del cruilla festival de maracay pal mundo besos,bueno ya me voy a soundcheck 6h15 en el escenario johnnie walker del cruilla festival de maracay pa l mundo besos,sonido,neutral,0.662
@yadamandres,@yadamandres,unknown,neutral,0.412
@yadamandres oh wooooow,@yadamandres oh wooooow,sonido,positive,0.686
el festival cruïlla 2024 aposta per la sostenibilitat i cobrarà per plats i envasos retornables,el festival cruïlla 2024 aposta per la sostenibilitat i,unknown,neutral,0.468
el festival cruïlla 2024 aposta per la sostenibilitat i cobrarà per plats i envasos retornables,cobrarà per plats i,comida,neutral,0.564
el festival cruïlla 2024 aposta per la sostenibilitat i cobrarà per plats i envasos retornables,envasos retornables,unknown,negative,0.657
"@btvnoticies el més sostenible seria portar-te de casa el menjar i la beguda, però és clar, amb això no et poden estafar. au, a la via.",@btvnoticies el més sostenible seria portar-te de casa el menjar i,comida,neutral,0.632
"@btvnoticies el més sostenible seria portar-te de casa el menjar i la beguda, però és clar, amb això no et poden estafar. au, a la via.","la beguda , però és clar , amb això no et poden estafar . au , a la via .",bebidas,negative,0.528
"@btvnoticies uiiii síii súper sostenible, com blanquegeu el que us interessa","@btvnoticies uiiii síii súper sostenible , com blanquegeu el que us interessa",pregunta,positive,0.629
"@btvnoticies a tocar els collons als veïns, amb la música a tota hòstia i la gent borratxa i drogada sortint pels carrers, però la fòrmula1 patates.",@btvnoticies a,información,neutral,0.629
"@btvnoticies a tocar els collons als veïns, amb la música a tota hòstia i la gent borratxa i drogada sortint pels carrers, però la fòrmula1 patates.","tocar els collons als veïns , amb la música a tota hòstia i",sonido,neutral,0.402
"@btvnoticies a tocar els collons als veïns, amb la música a tota hòstia i la gent borratxa i drogada sortint pels carrers, però la fòrmula1 patates.",la gent borratxa i,unknown,negative,0.891
"@btvnoticies a tocar els collons als veïns, amb la música a tota hòstia i la gent borratxa i drogada sortint pels carrers, però la fòrmula1 patates.","drogada sortint pels carrers , però la fòrmula1 patates .",unknown,negative,0.546
"el pròxim 26 d'octubre no et perdis @official_artms un dels grups de k-pop del moment, a @razzmatazzclubs dins d'una nova edició del cruïlla tardor! aconsegueix la teva entrada a partir d’aquest dijous 20 de juny!","el pròxim 26 d'octubre no et perdis @official_artms un dels grups de k-pop del moment , a @razzmatazzclubs dins d'una nova edició del cruïlla tardor ! aconsegueix la teva entrada a partir d’aquest dijous 20 de juny !",unknown,neutral,0.736
@cruillabcn cuando anunciáis los precios?,@cruillabcn cuando,unknown,neutral,0.795
@cruillabcn cuando anunciáis los precios?,anunciáis los precios ?,información,neutral,0.859
@cruillabcn @official_artms @razzmatazzclubs a partir de que hora abre la venta de tickets?,@cruillabcn @official_artms @razzmatazzclubs a,unknown,neutral,0.664
@cruillabcn @official_artms @razzmatazzclubs a partir de que hora abre la venta de tickets?,partir de que,unknown,neutral,0.61
@cruillabcn @official_artms @razzmatazzclubs a partir de que hora abre la venta de tickets?,hora abre la venta de tickets ?,unknown,neutral,0.868
@cruillabcn @official_artms @razzmatazzclubs las entradas se pueden comprar con el bono cultural?,@cruillabcn @official_artms @razzmatazzclubs las entradas se pueden comprar con el bono cultural ?,unknown,neutral,0.883
@cruillabcn @official_artms @razzmatazzclubs teniu preus?,@cruillabcn @official_artms @razzmatazzclubs teniu preus ?,precios,neutral,0.743
@cruillabcn @official_artms @razzmatazzclubs podeu anunciar els preus?,@cruillabcn @official_artms @razzmatazzclubs podeu anunciar els preus ?,unknown,neutral,0.794
@cruillabcn @official_artms @razzmatazzclubs creuem els dits! necessito aquestes entrades,@cruillabcn @official_artms @razzmatazzclubs creuem els dits ! necessito aquestes entrades,unknown,neutral,0.466
@cruillabcn @official_artms @razzmatazzclubs porque hay tres zonas en la venta de entradas?,@cruillabcn @official_artms @razzmatazzclubs porque,pregunta,neutral,0.638
@cruillabcn @official_artms @razzmatazzclubs porque hay tres zonas en la venta de entradas?,hay tres zonas en la venta de entradas ?,unknown,neutral,0.885
aquests són els horaris i escenaris dels quatre dies del festival cruïlla 2024! escenari @estrelladammcat escenari @occidentseguros escenari @vueling escenari @vallformosa escenari @johnniewalker ja tens la teva entrada o abonament?,aquests són els horaris i,información,neutral,0.808
aquests són els horaris i escenaris dels quatre dies del festival cruïlla 2024! escenari @estrelladammcat escenari @occidentseguros escenari @vueling escenari @vallformosa escenari @johnniewalker ja tens la teva entrada o abonament?,escenaris dels quatre dies del festival cruïlla 2024 ! escenari @estrelladammcat escenari @occidentseguros escenari @vueling escenari @vallformosa escenari @johnniewalker ja tens la teva entrada o,unknown,neutral,0.799
aquests són els horaris i escenaris dels quatre dies del festival cruïlla 2024! escenari @estrelladammcat escenari @occidentseguros escenari @vueling escenari @vallformosa escenari @johnniewalker ja tens la teva entrada o abonament?,abonament ?,unknown,neutral,0.48
@cruillabcn @estrelladammcat @occidentseguros @vueling @vallformosa @johnniewalker @seetickets_es us han reportat que hi ha un error i que no es pot carregar el compte des del web?,@cruillabcn @estrelladammcat @occidentseguros @vueling @vallformosa @johnniewalker @seetickets_es us han reportat que,información,neutral,0.681
@cruillabcn @estrelladammcat @occidentseguros @vueling @vallformosa @johnniewalker @seetickets_es us han reportat que hi ha un error i que no es pot carregar el compte des del web?,hi ha un error i,unknown,negative,0.822
@cruillabcn @estrelladammcat @occidentseguros @vueling @vallformosa @johnniewalker @seetickets_es us han reportat que hi ha un error i que no es pot carregar el compte des del web?,que,pregunta,neutral,0.389
@cruillabcn @estrelladammcat @occidentseguros @vueling @vallformosa @johnniewalker @seetickets_es us han reportat que hi ha un error i que no es pot carregar el compte des del web?,no es pot,unknown,negative,0.724
@cruillabcn @estrelladammcat @occidentseguros @vueling @vallformosa @johnniewalker @seetickets_es us han reportat que hi ha un error i que no es pot carregar el compte des del web?,carregar el compte des del web ?,precios,neutral,0.687
@cruillabcn mil gràcies!!! podré disfrutar del concert de l'@avrillavigne i després veure a @amaraloficial,@cruillabcn mil gràcies ! ! ! podré disfrutar del concert de l'@avrillavigne i,unknown,positive,0.864
@cruillabcn mil gràcies!!! podré disfrutar del concert de l'@avrillavigne i després veure a @amaraloficial,després veure a @amaraloficial,unknown,neutral,0.666
@cruillabcn @estrelladammcat @occidentseguros @vueling @vallformosa @johnniewalker @seetickets_es smashing i aurora alhora m'ha fet molt de mal!,@cruillabcn @estrelladammcat @occidentseguros @vueling @vallformosa @johnniewalker @seetickets_es smashing i,precios,positive,0.533
@cruillabcn @estrelladammcat @occidentseguros @vueling @vallformosa @johnniewalker @seetickets_es smashing i aurora alhora m'ha fet molt de mal!,aurora alhora m'ha fet molt de mal !,sonido,negative,0.958
@cruillabcn @estrelladammcat @occidentseguros @vueling @vallformosa @johnniewalker @seetickets_es como me ponen a trueno y a funzo &amp; baby loud en el mismo horario?,@cruillabcn @estrelladammcat @occidentseguros @vueling @vallformosa @johnniewalker @seetickets_es como,unknown,neutral,0.725
@cruillabcn @estrelladammcat @occidentseguros @vueling @vallformosa @johnniewalker @seetickets_es como me ponen a trueno y a funzo &amp; baby loud en el mismo horario?,me ponen a trueno y,personal,negative,0.861
@cruillabcn @estrelladammcat @occidentseguros @vueling @vallformosa @johnniewalker @seetickets_es como me ponen a trueno y a funzo &amp; baby loud en el mismo horario?,a funzo & amp ; baby loud en el mismo horario ?,sonido,neutral,0.739
@cruillabcn @estrelladammcat @occidentseguros @vueling @vallformosa @johnniewalker @seetickets_es plazuela i ladilla solapats!!,@cruillabcn @estrelladammcat @occidentseguros @vueling @vallformosa @johnniewalker @seetickets_es plazuela i,unknown,neutral,0.694
@cruillabcn @estrelladammcat @occidentseguros @vueling @vallformosa @johnniewalker @seetickets_es plazuela i ladilla solapats!!,ladilla solapats ! !,sonido,negative,0.924
@cruillabcn @estrelladammcat @occidentseguros @vueling @vallformosa @johnniewalker @seetickets_es venc entrada per divendres i dissabte a preu de compra!,@cruillabcn @estrelladammcat @occidentseguros @vueling @vallformosa @johnniewalker @seetickets_es venc entrada per divendres i,unknown,neutral,0.768
@cruillabcn @estrelladammcat @occidentseguros @vueling @vallformosa @johnniewalker @seetickets_es venc entrada per divendres i dissabte a preu de compra!,dissabte a preu de compra !,precios,neutral,0.704
@cruillabcn @estrelladammcat @occidentseguros @vueling @vallformosa @johnniewalker @seetickets_es aurora and smashing pumpkins ffs why would you do this to us,@cruillabcn @estrelladammcat @occidentseguros @vueling @vallformosa @johnniewalker @seetickets_es aurora and smashing pumpkins ffs why would you do this to us,pregunta,negative,0.478
"@renfe tren oficial del festival cruïlla del 5 al 8 de juliol, al parc del fòrum les estacions de rodalies de sant adrià del besòs i el clot són les més properes al recinte més informació a:","@renfe tren oficial del festival cruïlla del 5 al 8 de juliol , al parc del fòrum les estacions de rodalies de sant adrià del besòs i",transporte,neutral,0.79
"@renfe tren oficial del festival cruïlla del 5 al 8 de juliol, al parc del fòrum les estacions de rodalies de sant adrià del besòs i el clot són les més properes al recinte més informació a:",el clot són les més properes al recinte més informació a,unknown,neutral,0.54
"@renfe tren oficial del festival cruïlla del 5 al 8 de juliol, al parc del fòrum les estacions de rodalies de sant adrià del besòs i el clot són les més properes al recinte més informació a:",:,unknown,neutral,0.425
"@rodalies @renfe potser arribeu al cruïlla de 2035, potser...","@rodalies @renfe potser arribeu al cruïlla de 2035 , potser ...",transporte,neutral,0.514
"@rodalies @renfe amb totes arribaràs tard, cada dia aturades a rodalies","@rodalies @renfe amb totes arribaràs tard , cada dia aturades a rodalies",transporte,negative,0.526
@rodalies @renfe a la de sant adrià hi ha bus substitutori per el tall del tramvia?,@rodalies @renfe a la de sant adrià hi ha bus substitutori per el tall del tramvia ?,transporte,neutral,0.772
@rodalies @renfe millor recomeneu que vagin amb metro. si van amb rodalies ni arribaran pel festival de l'any que ve.,@rodalies @renfe millor recomeneu que vagin amb metro . si,transporte,neutral,0.385
@rodalies @renfe millor recomeneu que vagin amb metro. si van amb rodalies ni arribaran pel festival de l'any que ve.,van amb rodalies ni,transporte,negative,0.468
@rodalies @renfe millor recomeneu que vagin amb metro. si van amb rodalies ni arribaran pel festival de l'any que ve.,arribaran pel festival de l'any que ve .,unknown,neutral,0.691
"r2 sud, r14, r15, r16 i r17 els trens circulen amb demores que poden superar els 15 minuts. incidència a la infraestructura a l'estació de st. vicenç de calders. tècnics d'adif estan treballant en la seva reparació.","r2 sud , r14 , r15 , r16 i",unknown,neutral,0.697
"r2 sud, r14, r15, r16 i r17 els trens circulen amb demores que poden superar els 15 minuts. incidència a la infraestructura a l'estació de st. vicenç de calders. tècnics d'adif estan treballant en la seva reparació.",r17 els trens circulen amb demores que poden superar els 15 minuts . incidència a la infraestructura a l'estació de st . vicenç de calders . tècnics d'adif estan treballant en la seva reparació .,transporte,negative,0.686
"més música, més arts, més comedy. més cruïlla que mai. aconsegueix la teva entrada o abonament al preu actual i prepara’t per viure els millors quatre dies de l’estiu amb els teus grups, còmics i artistes preferits del 5 al 8 de juliol!","més música , més arts , més comedy . més cruïlla que",sonido,positive,0.421
"més música, més arts, més comedy. més cruïlla que mai. aconsegueix la teva entrada o abonament al preu actual i prepara’t per viure els millors quatre dies de l’estiu amb els teus grups, còmics i artistes preferits del 5 al 8 de juliol!",mai . aconsegueix la teva entrada o,unknown,neutral,0.577
"més música, més arts, més comedy. més cruïlla que mai. aconsegueix la teva entrada o abonament al preu actual i prepara’t per viure els millors quatre dies de l’estiu amb els teus grups, còmics i artistes preferits del 5 al 8 de juliol!",abonament al preu actual i,precios,neutral,0.911
"més música, més arts, més comedy. més cruïlla que mai. aconsegueix la teva entrada o abonament al preu actual i prepara’t per viure els millors quatre dies de l’estiu amb els teus grups, còmics i artistes preferits del 5 al 8 de juliol!","prepara’t per viure els millors quatre dies de l’estiu amb els teus grups , còmics i",organización,positive,0.69
"més música, més arts, més comedy. més cruïlla que mai. aconsegueix la teva entrada o abonament al preu actual i prepara’t per viure els millors quatre dies de l’estiu amb els teus grups, còmics i artistes preferits del 5 al 8 de juliol!",artistes preferits del 5 al 8 de juliol !,unknown,neutral,0.504
"@cruillabcn @estrelladammcat @seetickets @vallformosa @elestafador @dissenyhub_bcn @ametllerorigen @oxfamintermon @leiva_oficial @antonia_font @vivasuecia que es aquesta merda de la polsera cash less? ens demaneu dni num tarjeta credit fins al putu dia de naixament per fer una cosa q es pot fer amb targeta. ens feu perdre el temps i les ganes, lamentable",@cruillabcn @estrelladammcat @seetickets @vallformosa @elestafador @dissenyhub_bcn @ametllerorigen @oxfamintermon @leiva_oficial @antonia_font @vivasuecia que es aquesta merda de la polsera cash less ? ens demaneu dni num tarjeta credit fins al putu dia de naixament per fer una cosa q es pot fer amb targeta . ens feu perdre el temps i,unknown,negative,0.927
"@cruillabcn @estrelladammcat @seetickets @vallformosa @elestafador @dissenyhub_bcn @ametllerorigen @oxfamintermon @leiva_oficial @antonia_font @vivasuecia que es aquesta merda de la polsera cash less? ens demaneu dni num tarjeta credit fins al putu dia de naixament per fer una cosa q es pot fer amb targeta. ens feu perdre el temps i les ganes, lamentable","les ganes , lamentable",unknown,negative,0.96
@cruillabcn @estrelladammcat @seetickets @vallformosa @elestafador @dissenyhub_bcn @ametllerorigen @oxfamintermon @leiva_oficial @antonia_font @vivasuecia cuando vais a abrir las puertas?,@cruillabcn @estrelladammcat @seetickets @vallformosa @elestafador @dissenyhub_bcn @ametllerorigen @oxfamintermon @leiva_oficial @antonia_font @vivasuecia cuando,unknown,neutral,0.673
@cruillabcn @estrelladammcat @seetickets @vallformosa @elestafador @dissenyhub_bcn @ametllerorigen @oxfamintermon @leiva_oficial @antonia_font @vivasuecia cuando vais a abrir las puertas?,vais a,unknown,neutral,0.455
@cruillabcn @estrelladammcat @seetickets @vallformosa @elestafador @dissenyhub_bcn @ametllerorigen @oxfamintermon @leiva_oficial @antonia_font @vivasuecia cuando vais a abrir las puertas?,abrir las puertas ?,unknown,neutral,0.637
"ficció, podcasts, stand-up i tot el que hi ha entremig: descobreix els projectes que ens proposen els humoristes del cruïlla comedy 2023 quan baixen de l’escenari! ja tens la teva entrada o abonament per venir a riure amb ells el 7 i 8 de juliol?","ficció , podcasts , stand-up i",unknown,neutral,0.686
"ficció, podcasts, stand-up i tot el que hi ha entremig: descobreix els projectes que ens proposen els humoristes del cruïlla comedy 2023 quan baixen de l’escenari! ja tens la teva entrada o abonament per venir a riure amb ells el 7 i 8 de juliol?",tot el que hi ha entremig : descobreix els projectes que ens proposen els humoristes del cruïlla comedy 2023 quan baixen de l’escenari ! ja tens la teva entrada o,información,neutral,0.593
"ficció, podcasts, stand-up i tot el que hi ha entremig: descobreix els projectes que ens proposen els humoristes del cruïlla comedy 2023 quan baixen de l’escenari! ja tens la teva entrada o abonament per venir a riure amb ells el 7 i 8 de juliol?",abonament per,precios,neutral,0.63
"ficció, podcasts, stand-up i tot el que hi ha entremig: descobreix els projectes que ens proposen els humoristes del cruïlla comedy 2023 quan baixen de l’escenari! ja tens la teva entrada o abonament per venir a riure amb ells el 7 i 8 de juliol?",venir a riure amb ells el 7 i,sonido,positive,0.685
"ficció, podcasts, stand-up i tot el que hi ha entremig: descobreix els projectes que ens proposen els humoristes del cruïlla comedy 2023 quan baixen de l’escenari! ja tens la teva entrada o abonament per venir a riure amb ells el 7 i 8 de juliol?",8 de juliol ?,unknown,neutral,0.78
@cruillabcn @ignatiusfarray @zlonk @eldodoazul @abiraquelirene @anapolo___ @adriromeo @juegodelitronos @alexis_deiz @charliiepee @ana_i_logica molt guapo....quin aforament màxim té? l'any passat es va omplir del tot molt d'hora diria,@cruillabcn @ignatiusfarray @zlonk @eldodoazul @abiraquelirene @anapolo _ _ _ @adriromeo @juegodelitronos @alexis_deiz @charliiepee @ana_i_logica molt guapo .... quin aforament màxim té ? l'any passat es va omplir del tot molt d'hora diria,precios,neutral,0.378
@cruillabcn @ana_i_logica @ignatiusfarray @zlonk @eldodoazul @abiraquelirene @anapolo___ @adriromeo @juegodelitronos @alexis_deiz @charliiepee watch racist pedo supporters live! &lt;3333 did your sister successfully off herself by now? @juankiferrer,@cruillabcn @ana_i_logica @ignatiusfarray @zlonk @eldodoazul @abiraquelirene @anapolo _ _ _ @adriromeo @juegodelitronos @alexis_deiz @charliiepee watch racist pedo supporters live ! & lt;3333 did your sister successfully off herself by now ? @juankiferrer,unknown,neutral,0.377
"atenció: canvis als horaris dels concerts de @ciudadjara, @calavento, @carolinadurante i @amaiaromero a l’escenari @vueling! a més, l’escenari cruïlla enamora passa a dir-se @oxfamintermon, els nostres nous companys de viatge!","atenció : canvis als horaris dels concerts de @ciudadjara , @calavento , @carolinadurante i",unknown,neutral,0.68
"atenció: canvis als horaris dels concerts de @ciudadjara, @calavento, @carolinadurante i @amaiaromero a l’escenari @vueling! a més, l’escenari cruïlla enamora passa a dir-se @oxfamintermon, els nostres nous companys de viatge!","@amaiaromero a l’escenari @vueling ! a més , l’escenari cruïlla enamora passa a dir-se @oxfamintermon , els nostres nous companys de viatge !",unknown,positive,0.619
@cruillabcn @ciudadjara @calavento @carolinadurante @amaiaromero @vueling @oxfamintermon @estrelladammcat @vallformosa @offspring @placeboworld @sigurros @alt_j @franz_ferdinand porfa no hagais coincidir rusowsky con sen senra,@cruillabcn @ciudadjara @calavento @carolinadurante @amaiaromero @vueling @oxfamintermon @estrelladammcat @vallformosa @offspring @placeboworld @sigurros @alt_j @franz_ferdinand porfa no hagais coincidir rusowsky con sen senra,unknown,negative,0.59
"@cruillabcn @ciudadjara @calavento @carolinadurante @amaiaromero @vueling @oxfamintermon @estrelladammcat @vallformosa @offspring @placeboworld @sigurros @alt_j @franz_ferdinand posar a @delaossapicasso a les 17.15h un dimecres és un crim. canvieu ho, que el seu show es","@cruillabcn @ciudadjara @calavento @carolinadurante @amaiaromero @vueling @oxfamintermon @estrelladammcat @vallformosa @offspring @placeboworld @sigurros @alt_j @franz_ferdinand posar a @delaossapicasso a les 17.15h un dimecres és un crim . canvieu ho , que el seu show es",unknown,neutral,0.519
