tweet,Assigned_Topic_ID,Assignment_Confidence,Assigned_Topic_Name
Lildami lo dieron todo toa,0,0.13061063214465055,convenciooo
me encantó la comida del festival xq,4,0.4779307888885524,sonido
The Tyets hizo vibrar al público,0,0.5957249762067909,convenciooo
La comida estuvo increíble,1,1.0,comida
esperamos muchísimo para entrar,-1,0.24947366623603134,Unknown
Ambiente regular como siempre xq,0,0.02654644544970738,convenciooo
Sonido distorsionado y muy alto porque fue brutal,0,0.043835599307018275,convenciooo
The Tyets lo dieron todo,0,0.43429157715640115,convenciooo
Quevedo estuvo genial,0,0.03998050775657582,convenciooo
Sonido distorsionado y muy alto,3,1.0,alto
audio brutal toa,0,0.04387022591862935,convenciooo
Bad Gyal lo dieron todo,0,0.1273355377332109,convenciooo
La comida estuvo increíble,1,1.0,comida
me encantó la comida del festival bno,4,0.4795897506967007,sonido
No había casi colas,2,1.0,colas
El sonido fue perfecto ya que fue brutal,4,1.0,sonido
Muy buen ambiente cuando fue brutal,0,1.0,convenciooo
Tiempos de espera razonables,1,1.0,comida
Tiempos de espera razonables,1,1.0,comida
Muy mal organizado todo porque fue brutal,-1,0.016271896532460955,Unknown
Tiempos de espera razonables k,1,1.0,comida
Ambiente regular como siempre,0,0.026240529646354163,convenciooo
Esperamos muchísimo para entrar,-1,0.28884588489220137,Unknown
Ambiente cargado y mal rollo,3,0.24310521734026985,alto
Me encantó la comida del festival porque fue brutal,1,1.0,comida
desastre en la organización,2,0.034704522661670345,colas
La comida estuvo increíble,1,1.0,comida
Organización como cualquier festival,2,0.2308044362203903,colas
Demasiada gente agobiante,1,0.3125253145413574,comida
The Tyets estuvo genial,0,0.4336798500204427,convenciooo
Rosalía lo dieron todo,0,0.6156739855950653,convenciooo
tiempos de espera razonables xq,1,1.0,comida
Colas interminables un desastre,-1,0.024414117266196342,Unknown
Demasiada gente agobiante,1,0.31277220551234985,comida
Muy buen ambiente,0,0.031848933943720036,convenciooo
Tiempos de espera razonables,1,1.0,comida
Sonido distorsionado y muy alto,3,1.0,alto
Muy buen ambiente toa,0,0.031858934802038344,convenciooo
Sonido distorsionado y muy alto,3,1.0,alto
Ambiente cargado y mal rollo cuando fue brutal,0,1.0,convenciooo
Carísima y mala la comida,3,1.0,alto
Esperamos muchísimo para entrar super biennn,-1,0.2872827425895418,Unknown
Tiempos de espera razonables genialll,1,1.0,comida
Comida normal nada especial,-1,0.27868614555136173,Unknown
Organización como cualquier festival,2,0.23094667880488623,colas
el sonido fue perfecto,4,1.0,sonido
lildami estuvo genial,0,0.04358476377888476,convenciooo
Buhos hizo vibrar al público bno,0,0.6101255196599951,convenciooo
Muy buen ambiente,0,0.031787093011604206,convenciooo
Esperamos muchísimo para entrar cuando fue brutal,-1,0.24843991191455847,Unknown
Buhos estuvo genial,0,0.04042433178254343,convenciooo
Esperamos muchísimo para entrar bno,-1,0.2872023897694394,Unknown
No había casi colas,2,1.0,colas
Lildami lo dieron todo,0,0.13113770332064453,convenciooo
Sonido distorsionado y muy alto porque fue brutal,0,0.04383494088723915,convenciooo
Esperamos muchísimo para entrar,-1,0.28856236494859255,Unknown
organización como cualquier festival,0,0.041453822675767804,convenciooo
comida normal nada especial,-1,0.28149933391667187,Unknown
Comida normal nada especial,-1,0.2788732095529756,Unknown
Desastre en la organización,2,0.03487878139685715,colas
Muy mal organizado todo,-1,0.01654601020800904,Unknown
Organización como cualquier festival bno,2,0.22981437886361458,colas
tiempos de espera razonables,1,1.0,comida
Muy mal organizado todo,-1,0.0165510720192039,Unknown
Colas interminables un desastre,-1,0.02440285319010455,Unknown
Ambiente cargado y mal rollo,3,0.24238512084841166,alto
Muy mal organizado todo genialll,-1,0.016455410411109584,Unknown
Rigoberta Bandini hizo vibrar al público,0,1.0,convenciooo
bad gyal lo dieron todo cuando fue brutal,0,0.12795382267045563,convenciooo
Muy mal organizado todo,-1,0.016545761434207475,Unknown
ambiente cargado y mal rollo,3,0.24112932861973965,alto
Rosalía lo dieron todo porque fue brutal,0,0.8758437272987845,convenciooo
Todo muy bien organizado,-1,0.02244022732301667,Unknown
El sonido fue perfecto,4,1.0,sonido
Ambiente cargado y mal rollo porque fue brutal,0,1.0,convenciooo
Muy buen ambiente mientras fue brutal,0,1.0,convenciooo
demasiada gente agobiante,1,0.3083633124225317,comida
Ambiente cargado y mal rollo,3,0.24272214819000645,alto
Ambiente cargado y mal rollo,3,0.24294106853392652,alto
Sonido distorsionado y muy alto,3,1.0,alto
Todo muy bien organizado,-1,0.02242428622971657,Unknown
Demasiada gente agobiante,1,0.31179994244157433,comida
Me encantó la comida del festival,4,0.4797348473897406,sonido
todo muy bien organizado,-1,0.022399929728258643,Unknown
Esperamos muchísimo para entrar,-1,0.2894824743769516,Unknown
Ambiente cargado y mal rollo porque fue brutal,0,1.0,convenciooo
The Tyets estuvo genial,0,0.4343236764899389,convenciooo
No había casi colas,2,1.0,colas
Ambiente regular como siempre,0,0.02628093298215299,convenciooo
audio brutal bno,0,0.04404002453638915,convenciooo
Sonido distorsionado y muy alto,3,1.0,alto
la comida estuvo increíble,1,1.0,comida
Me encantó la comida del festival,4,0.4811550320747734,sonido
Muy mal organizado todo,-1,0.01653453576763051,Unknown
Colas interminables un desastre,-1,0.024396687193860164,Unknown
Todo muy bien organizado,-1,0.0224180132111192,Unknown
Lola Índigo decepcionante,0,0.9040648923253525,convenciooo
rigoberta bandini decepcionante,0,0.4791231683493583,convenciooo
esperamos muchísimo para entrar,-1,0.2502479634281964,Unknown
Esperamos muchísimo para entrar,-1,0.2895754359581136,Unknown
colas interminables un desastre,0,0.49714713653229925,convenciooo
Carísima y mala la comida,3,1.0,alto
Organización como cualquier festival,2,0.2301764634644201,colas
Desastre en la organización,2,0.035040715947377385,colas
Bad Gyal decepcionante,0,0.12556913873082576,convenciooo
Ambiente cargado y mal rollo mientras fue brutal,0,1.0,convenciooo
Carísima y mala la comida,3,1.0,alto
No había casi colas mientras fue brutal,2,1.0,colas
La comida estuvo increíble,1,1.0,comida
Quevedo hizo vibrar al público,0,0.6181299828093931,convenciooo
Tiempos de espera razonables,1,1.0,comida
Colas interminables un desastre,-1,0.024378786978127027,Unknown
Desastre en la organización,2,0.03501365809462495,colas
Organización como cualquier festival,2,0.23002167283422317,colas
Muy mal organizado todo,-1,0.016550278704214834,Unknown
Quevedo estuvo genial flipanteee,0,0.03896127096522523,convenciooo
desastre en la organización super biennn ya que fue brutal,2,0.033909241045101325,colas
Buhos lo dieron todo,0,0.13220869600992144,convenciooo
lola índigo lo dieron todo,0,0.12629010391387044,convenciooo
Stay Homas hizo vibrar al público porque fue brutal,0,0.05435738040509632,convenciooo
Carísima y mala la comida,3,1.0,alto
tiempos de espera razonables lo dio todooo,1,1.0,comida
Tiempos de espera razonables,1,1.0,comida
ambiente regular como siempre,0,0.026471137972050068,convenciooo
Muy mal organizado todo,-1,0.016546351940429558,Unknown
Me encantó la comida del festival,4,0.4793764791682062,sonido
The Tyets decepcionante,0,0.4676124746325595,convenciooo
Stay Homas estuvo genial,0,0.054880582406066226,convenciooo
tiempos de espera razonables,1,1.0,comida
Sonido distorsionado y muy alto,3,1.0,alto
Muy mal organizado todo porque fue brutal,-1,0.01627918858296728,Unknown
Aitana hizo vibrar al público mientras fue brutal,0,1.0,convenciooo
Demasiada gente agobiante,1,0.31391750678208324,comida
El sonido fue perfecto,4,1.0,sonido
Lildami hizo vibrar al público k,0,0.5323685293114386,convenciooo
Todo muy bien organizado,-1,0.0224586209706294,Unknown
Lola Índigo hizo vibrar al público,0,0.8772542113066245,convenciooo
no había casi colas,2,1.0,colas
Demasiada gente agobiante,1,0.31135017021182565,comida
Comida normal nada especial,-1,0.2784793548652984,Unknown
Tiempos de espera razonables,1,1.0,comida
No había casi colas super biennn,2,1.0,colas
la comida estuvo increíble,1,1.0,comida
carísima y mala la comida,3,1.0,alto
Muy mal organizado todo no convenciooo,-1,0.01646417082153477,Unknown
Quevedo decepcionante vibraaa,0,0.48468170679861994,convenciooo
me encantó la comida del festival flipanteee porque fue brutal,1,1.0,comida
Bad Gyal decepcionante,0,0.12556107174758147,convenciooo
La comida estuvo increíble,1,1.0,comida
Bad Gyal decepcionante,0,0.12502009262502,convenciooo
Todo muy bien organizado toa,-1,0.02251122918465058,Unknown
El sonido fue perfecto,4,1.0,sonido
Ambiente cargado y mal rollo,3,0.24135326576386854,alto
ambiente regular como siempre,0,0.026521387216581344,convenciooo
Colas interminables un desastre,-1,0.02445211966931847,Unknown
Colas interminables un desastre,-1,0.024401486979608908,Unknown
el sonido fue perfecto,4,1.0,sonido
Sonido distorsionado y muy alto,3,1.0,alto
El sonido fue perfecto,4,1.0,sonido
Muy mal organizado todo,-1,0.016558973103589395,Unknown
Aitana hizo vibrar al público lo dio todooo,0,1.0,convenciooo
Ambiente regular como siempre cuando fue brutal,0,0.11464408958481154,convenciooo
Ambiente cargado y mal rollo k,3,0.23777237373694113,alto
Esperamos muchísimo para entrar aunque fue brutal,-1,0.2491402145159702,Unknown
Audio brutal aunque fue brutal,0,0.04402132312667182,convenciooo
Colas interminables un desastre,-1,0.024398719240435428,Unknown
El sonido fue perfecto,4,1.0,sonido
stay homas estuvo genial,0,0.05494444924423356,convenciooo
Quevedo estuvo genial,0,0.039883332540644405,convenciooo
No había casi colas,2,1.0,colas
lola índigo decepcionante,0,0.8917517361600998,convenciooo
carísima y mala la comida,3,1.0,alto
Esperamos muchísimo para entrar,-1,0.289108232178776,Unknown
Lola Índigo decepcionante aunque fue brutal,0,0.9687960368887766,convenciooo
Muy buen ambiente,0,0.03165117776425378,convenciooo
Organización como cualquier festival,2,0.23078969799107235,colas
buhos lo dieron todo lo dio todooo,0,0.13385522351324264,convenciooo
buhos estuvo genial,0,0.04073568705416332,convenciooo
Rigoberta Bandini hizo vibrar al público,0,1.0,convenciooo
Muy buen ambiente,0,0.03194415691257228,convenciooo
Sonido distorsionado y muy alto,3,1.0,alto
La comida estuvo increíble,1,1.0,comida
Lola Índigo estuvo genial,0,0.6906909008459536,convenciooo
Esperamos muchísimo para entrar,-1,0.28898198110331635,Unknown
Volumen fatal vibraaa,0,0.15463379244557407,convenciooo
La comida estuvo increíble,1,1.0,comida
El sonido fue perfecto,4,1.0,sonido
La comida estuvo increíble,1,1.0,comida
La comida estuvo increíble,1,1.0,comida
Ambiente regular como siempre,0,0.026315142422654918,convenciooo
Comida normal nada especial,-1,0.2782408118105625,Unknown
Comida normal nada especial lo dio todooo,-1,0.27875276427333834,Unknown
Me encantó la comida del festival no convenciooo,4,0.48030145563825727,sonido
Muy buen ambiente,0,0.03165592818481342,convenciooo
carísima y mala la comida,3,1.0,alto
Esperamos muchísimo para entrar lo dio todooo,-1,0.28769378258208606,Unknown
La comida estuvo increíble,1,1.0,comida
Rosalía estuvo genial,0,0.6155697448006379,convenciooo
Rigoberta Bandini hizo vibrar al público vibraaa porque fue brutal,0,1.0,convenciooo
Carísima y mala la comida,3,1.0,alto
Buhos decepcionante genialll,0,0.48097159782666393,convenciooo
Desastre en la organización,2,0.034776710441475546,colas
Muy mal organizado todo mientras fue brutal,-1,0.016255752114828898,Unknown
Sonido distorsionado y muy alto bno,3,1.0,alto
Desastre en la organización genialll,2,0.03477289044459272,colas
Bad Gyal lo dieron todo,0,0.12741242286985477,convenciooo
audio brutal genialll,0,0.04403820590661853,convenciooo
Comida normal nada especial,-1,0.2781282076434547,Unknown
No había casi colas,2,1.0,colas
Aitana hizo vibrar al público,0,1.0,convenciooo
Muy mal organizado todo,-1,0.016549657325934535,Unknown
Comida normal nada especial ya que fue brutal,-1,0.2849476351917193,Unknown
ambiente regular como siempre cuando fue brutal,0,0.11498254360003426,convenciooo
Esperamos muchísimo para entrar,-1,0.2893574646310444,Unknown
Desastre en la organización,2,0.03485212929103331,colas
Quevedo hizo vibrar al público,0,0.6493374008695304,convenciooo
Rigoberta Bandini estuvo genial aunque fue brutal,0,1.0,convenciooo
Ambiente regular como siempre,0,0.026375286733061793,convenciooo
demasiada gente agobiante,1,0.31049251059859767,comida
Colas interminables un desastre,-1,0.024464342378479095,Unknown
lola índigo decepcionante mientras fue brutal,0,1.0,convenciooo
Audio brutal no convenciooo,0,0.044112342415045455,convenciooo
Desastre en la organización k,2,0.03484325779630631,colas
Muy mal organizado todo,-1,0.01654943272200498,Unknown
Ambiente regular como siempre porque fue brutal,0,0.11578787407559497,convenciooo
ambiente regular como siempre lo dio todooo,0,0.026580828206470244,convenciooo
sonido distorsionado y muy alto,3,1.0,alto
muy buen ambiente,0,0.03162752062784706,convenciooo
colas interminables un desastre,0,0.4969315397428538,convenciooo
Todo muy bien organizado,-1,0.022442014173147135,Unknown
Todo muy bien organizado,-1,0.02243891401323468,Unknown
Me encantó la comida del festival,4,0.4745583039139906,sonido
La comida estuvo increíble,1,1.0,comida
Audio brutal super biennn,0,0.04412882423961979,convenciooo
Tiempos de espera razonables,1,1.0,comida
Sonido distorsionado y muy alto,3,1.0,alto
Esperamos muchísimo para entrar,-1,0.28916032211083353,Unknown
Colas interminables un desastre,-1,0.024382483983679,Unknown
Tiempos de espera razonables,1,1.0,comida
Tiempos de espera razonables,1,1.0,comida
Colas interminables un desastre,-1,0.024382555367771834,Unknown
Desastre en la organización,2,0.03487419709796365,colas
Demasiada gente agobiante,1,0.31252221033392247,comida
Sonido distorsionado y muy alto,3,1.0,alto
No había casi colas,2,1.0,colas
Organización como cualquier festival,2,0.2318423884122663,colas
Muy mal organizado todo,-1,0.01655367655442357,Unknown
no había casi colas,2,1.0,colas
the tyets estuvo genial,0,0.4273132835181711,convenciooo
Sonido distorsionado y muy alto toa,3,1.0,alto
Rigoberta Bandini lo dieron todo,0,1.0,convenciooo
Muy mal organizado todo flipanteee,-1,0.016518003269758927,Unknown
Ambiente cargado y mal rollo,3,0.24213462525667165,alto
no había casi colas super biennn,2,1.0,colas
Buhos lo dieron todo,0,0.13192281646549545,convenciooo
Aitana hizo vibrar al público porque fue brutal,0,1.0,convenciooo
Sonido distorsionado y muy alto,3,1.0,alto
Colas interminables un desastre,-1,0.024383237791474874,Unknown
Organización como cualquier festival,2,0.2303087956457309,colas
Muy buen ambiente,0,0.031618824763052375,convenciooo
Organización como cualquier festival,2,0.23221189331271835,colas
no había casi colas mientras fue brutal,2,1.0,colas
Stay Homas hizo vibrar al público porque fue brutal,0,0.05423036689976019,convenciooo
Todo muy bien organizado,-1,0.022441073063799995,Unknown
Comida normal nada especial genialll,-1,0.28081292438739414,Unknown
me encantó la comida del festival,4,0.47816271088061335,sonido
Buhos hizo vibrar al público,0,0.606532925425116,convenciooo
Organización como cualquier festival,2,0.23211270080438248,colas
Tiempos de espera razonables,1,1.0,comida
Aitana hizo vibrar al público,0,1.0,convenciooo
el sonido fue perfecto,4,1.0,sonido
comida normal nada especial,-1,0.28128126642265683,Unknown
La comida estuvo increíble,1,1.0,comida
Carísima y mala la comida,3,1.0,alto
Lildami estuvo genial,0,0.04368793516126781,convenciooo
Ambiente regular como siempre,0,0.02630444255134875,convenciooo
Aitana hizo vibrar al público cuando fue brutal,0,1.0,convenciooo
Tiempos de espera razonables,1,1.0,comida
Me encantó la comida del festival porque fue brutal,1,1.0,comida
Muy buen ambiente porque fue brutal,0,1.0,convenciooo
stay homas lo dieron todo,0,0.05479071420024705,convenciooo
Muy mal organizado todo,-1,0.016598452943067207,Unknown
The Tyets hizo vibrar al público,0,0.5972450710452413,convenciooo
Ambiente cargado y mal rollo,3,0.24200364547483452,alto
Todo muy bien organizado,-1,0.022422809423423864,Unknown
Sonido distorsionado y muy alto,3,1.0,alto
Ambiente cargado y mal rollo,3,0.24309493797746054,alto
Sonido distorsionado y muy alto,3,1.0,alto
Organización como cualquier festival mientras fue brutal,2,0.22684981552962796,colas
Colas interminables un desastre aunque fue brutal,-1,0.024412918447117612,Unknown
organización como cualquier festival,0,0.041329666920741324,convenciooo
Me encantó la comida del festival no convenciooo,4,0.4800237350950254,sonido
El sonido fue perfecto,4,1.0,sonido
ambiente cargado y mal rollo,3,0.24150815042979856,alto
Stay Homas decepcionante,0,0.05464326691119279,convenciooo
desastre en la organización super biennn cuando fue brutal,2,0.034051660959922105,colas
Muy buen ambiente,0,0.03188407285330038,convenciooo
lildami hizo vibrar al público bno,0,0.5719102128457711,convenciooo
carísima y mala la comida cuando fue brutal,3,1.0,alto
Ambiente regular como siempre,0,0.026317600910760398,convenciooo
Organización como cualquier festival ya que fue brutal,2,0.22813884185269528,colas
Sonido distorsionado y muy alto,3,1.0,alto
Demasiada gente agobiante,1,0.31266537635489583,comida
Organización como cualquier festival mientras fue brutal,2,0.22721984195599731,colas
el sonido fue perfecto,4,1.0,sonido
buhos decepcionante bno,0,0.47863645090650714,convenciooo
la comida estuvo increíble,1,1.0,comida
Carísima y mala la comida,3,1.0,alto
Me encantó la comida del festival no convenciooo,4,0.48326897018943465,sonido
Tiempos de espera razonables,1,1.0,comida
Audio brutal ya que fue brutal,0,0.043917530995722986,convenciooo
Ambiente cargado y mal rollo,3,0.24344329681847943,alto
Lildami estuvo genial,0,0.04370084541518783,convenciooo
Muy mal organizado todo,-1,0.016545245008646032,Unknown
Demasiada gente agobiante mientras fue brutal,0,1.0,convenciooo
Colas interminables un desastre,-1,0.024374616179132592,Unknown
Muy buen ambiente,0,0.03165823592442787,convenciooo
Lildami estuvo genial,0,0.04369033933688055,convenciooo
Desastre en la organización,2,0.03476402286699195,colas
la comida estuvo increíble,1,1.0,comida
Esperamos muchísimo para entrar,-1,0.2880812667975943,Unknown
Comida normal nada especial,-1,0.2775913266451341,Unknown
Desastre en la organización,2,0.034787332987023425,colas
La comida estuvo increíble porque fue brutal,1,1.0,comida
Ambiente regular como siempre cuando fue brutal,0,0.11508507817216283,convenciooo
muy buen ambiente porque fue brutal,0,1.0,convenciooo
aitana estuvo genial,0,0.04114936706601307,convenciooo
organización como cualquier festival,0,0.04147728877234227,convenciooo
La comida estuvo increíble,1,1.0,comida
Me encantó la comida del festival,4,0.47916648554208807,sonido
No había casi colas,2,1.0,colas
Muy buen ambiente,0,0.03174807072043705,convenciooo
Ambiente regular como siempre cuando fue brutal,0,0.11494349042900058,convenciooo
Organización como cualquier festival ya que fue brutal,2,0.2277683493944817,colas
No había casi colas,2,1.0,colas
Esperamos muchísimo para entrar,-1,0.2879353429940058,Unknown
El sonido fue perfecto porque fue brutal,4,1.0,sonido
Audio brutal toa,0,0.043995798244155934,convenciooo
Muy buen ambiente,0,0.03174087541073825,convenciooo
Lildami estuvo genial bno,0,0.043642681410354836,convenciooo
Organización como cualquier festival,2,0.23140715642682924,colas
esperamos muchísimo para entrar xq,-1,0.24938853774358546,Unknown
No había casi colas,2,1.0,colas
colas interminables un desastre,0,0.49704207982229925,convenciooo
the tyets estuvo genial,0,0.42613153125078923,convenciooo
Organización como cualquier festival,2,0.23159862649011997,colas
Aitana hizo vibrar al público,0,1.0,convenciooo
Todo muy bien organizado cuando fue brutal,-1,0.016165686804316837,Unknown
Aitana lo dieron todo,0,0.12459909950611446,convenciooo
Demasiada gente agobiante vibraaa,1,0.30588284035156105,comida
La comida estuvo increíble porque fue brutal,1,1.0,comida
Comida normal nada especial,-1,0.27859508816306444,Unknown
Demasiada gente agobiante,1,0.31282207745875024,comida
Muy mal organizado todo,-1,0.01656296256946158,Unknown
me encantó la comida del festival,4,0.4762395414118622,sonido
Carísima y mala la comida,3,1.0,alto
me encantó la comida del festival ya que fue brutal,1,1.0,comida
Volumen fatal mientras fue brutal,0,0.15428160454340226,convenciooo
Organización como cualquier festival,2,0.2317718636765542,colas
el sonido fue perfecto lo dio todooo,4,1.0,sonido
Sonido distorsionado y muy alto,3,1.0,alto
Muy buen ambiente,0,0.03178420775204878,convenciooo
Esperamos muchísimo para entrar xq,-1,0.2872627416053561,Unknown
Todo muy bien organizado,-1,0.022420955801803744,Unknown
la comida estuvo increíble,1,1.0,comida
Muy mal organizado todo,-1,0.016568237179887677,Unknown
Comida normal nada especial,-1,0.2783353060805814,Unknown
Sonido distorsionado y muy alto,3,1.0,alto
Me encantó la comida del festival aunque fue brutal,1,1.0,comida
La comida estuvo increíble,1,1.0,comida
Rigoberta Bandini lo dieron todo,0,1.0,convenciooo
demasiada gente agobiante,1,0.3114685823869618,comida
Me encantó la comida del festival flipanteee,4,0.4784869952135231,sonido
Colas interminables un desastre,-1,0.0243577592117619,Unknown
La comida estuvo increíble aunque fue brutal,1,1.0,comida
Desastre en la organización,2,0.034976221969963306,colas
la comida estuvo increíble,1,1.0,comida
Carísima y mala la comida cuando fue brutal,3,1.0,alto
Demasiada gente agobiante,1,0.31203758089101497,comida
volumen fatal mientras fue brutal,0,0.15406142030587547,convenciooo
Muy buen ambiente,0,0.031595084542138004,convenciooo
Muy buen ambiente,0,0.03169821606633285,convenciooo
Colas interminables un desastre,-1,0.024455398630531148,Unknown
Demasiada gente agobiante porque fue brutal,0,1.0,convenciooo
tiempos de espera razonables,1,1.0,comida
Ambiente cargado y mal rollo porque fue brutal,0,1.0,convenciooo
Muy buen ambiente porque fue brutal,0,1.0,convenciooo
Todo muy bien organizado,-1,0.02241603166250714,Unknown
organización como cualquier festival super biennn aunque fue brutal,2,0.22726241249385384,colas
No había casi colas toa,2,1.0,colas
sonido distorsionado y muy alto mientras fue brutal,0,0.043872611626150256,convenciooo
Rosalía hizo vibrar al público,0,0.6186166154490559,convenciooo
Ambiente cargado y mal rollo flipanteee,3,0.23581758381020013,alto
desastre en la organización porque fue brutal,2,0.03394182846676665,colas
Colas interminables un desastre,-1,0.024377358195346664,Unknown
Muy mal organizado todo,-1,0.016551849516019502,Unknown
Ambiente cargado y mal rollo,3,0.24441806748992298,alto
Comida normal nada especial,-1,0.27842208936976653,Unknown
No había casi colas,2,1.0,colas
Demasiada gente agobiante genialll,1,0.3077877385371742,comida
Esperamos muchísimo para entrar aunque fue brutal,-1,0.249515834375774,Unknown
Colas interminables un desastre,-1,0.024394566150697954,Unknown
Ambiente regular como siempre,0,0.02637639783909892,convenciooo
muy mal organizado todo,-1,0.016558636006086237,Unknown
Ambiente regular como siempre,0,0.026210599391281248,convenciooo
Me encantó la comida del festival,4,0.47913835337523697,sonido
Ambiente regular como siempre vibraaa aunque fue brutal,0,0.1142936028831106,convenciooo
Muy buen ambiente,0,0.03173876664054549,convenciooo
Comida normal nada especial bno,-1,0.2778846983678985,Unknown
Me encantó la comida del festival,4,0.47927869779019794,sonido
desastre en la organización,2,0.034885444326140415,colas
quevedo estuvo genial,0,0.04028193475129832,convenciooo
carísima y mala la comida,3,1.0,alto
Me encantó la comida del festival,4,0.4761725206180152,sonido
todo muy bien organizado,-1,0.022462612707166693,Unknown
Lildami decepcionante lo dio todooo,0,0.1327683210528996,convenciooo
sonido distorsionado y muy alto flipanteee,3,1.0,alto
Sonido distorsionado y muy alto cuando fue brutal,0,0.04380241704194788,convenciooo
Aitana lo dieron todo,0,0.1248892332043544,convenciooo
Me encantó la comida del festival,4,0.47810604874634427,sonido
Carísima y mala la comida,3,1.0,alto
Me encantó la comida del festival,4,0.4784535536507263,sonido
sonido distorsionado y muy alto,3,1.0,alto
tiempos de espera razonables,1,1.0,comida
volumen fatal lo dio todooo,0,0.15307095239392898,convenciooo
Sonido distorsionado y muy alto,3,1.0,alto
Muy mal organizado todo,-1,0.016481666345577017,Unknown
esperamos muchísimo para entrar flipanteee,-1,0.2504009999686793,Unknown
La comida estuvo increíble,1,1.0,comida
Ambiente cargado y mal rollo,3,0.2444867170468564,alto
esperamos muchísimo para entrar,-1,0.24999666748255864,Unknown
Todo muy bien organizado,-1,0.022424187099103588,Unknown
Ambiente cargado y mal rollo vibraaa,3,0.23621283074393268,alto
el sonido fue perfecto,4,1.0,sonido
Muy mal organizado todo,-1,0.016541734896249057,Unknown
The Tyets lo dieron todo,0,0.4324431155541269,convenciooo
No había casi colas,2,1.0,colas
La comida estuvo increíble,1,1.0,comida
Organización como cualquier festival bno,2,0.23022083088813672,colas
Bad Gyal decepcionante,0,0.12550307550940834,convenciooo
Ambiente cargado y mal rollo genialll,3,0.23744536962159482,alto
Muy buen ambiente,0,0.03179494706649061,convenciooo
demasiada gente agobiante,1,0.30964259450869924,comida
Muy mal organizado todo,-1,0.01654797672575404,Unknown
Ambiente cargado y mal rollo flipanteee,3,0.23552791584014487,alto
Buhos hizo vibrar al público,0,0.6151789753694058,convenciooo
El sonido fue perfecto,4,1.0,sonido
Sonido distorsionado y muy alto,3,1.0,alto
Muy mal organizado todo,-1,0.016510877034328273,Unknown
Quevedo lo dieron todo,0,0.13353786645468446,convenciooo
Muy buen ambiente,0,0.03167794423303709,convenciooo
Tiempos de espera razonables,1,1.0,comida
el sonido fue perfecto,4,1.0,sonido
todo muy bien organizado,-1,0.022451599714868094,Unknown
Colas interminables un desastre,-1,0.02442409537955838,Unknown
ambiente regular como siempre,0,0.026482262368009643,convenciooo
Ambiente cargado y mal rollo,3,0.24187949388199595,alto
Organización como cualquier festival,2,0.23075208761870214,colas
Sonido distorsionado y muy alto,3,1.0,alto
Colas interminables un desastre toa,-1,0.024645585210522444,Unknown
desastre en la organización,2,0.03476975114029174,colas
Lildami lo dieron todo no convenciooo,0,0.1304832785433579,convenciooo
El sonido fue perfecto,4,1.0,sonido
Organización como cualquier festival,2,0.23133845639072978,colas
organización como cualquier festival,0,0.04141714943436232,convenciooo
muy buen ambiente toa,0,0.03194133736544432,convenciooo
El sonido fue perfecto bno,4,1.0,sonido
ambiente cargado y mal rollo,3,0.2395607266022668,alto
Demasiada gente agobiante k porque fue brutal,0,1.0,convenciooo
Sonido distorsionado y muy alto,3,1.0,alto
ambiente regular como siempre,0,0.026497869778181714,convenciooo
rigoberta bandini hizo vibrar al público porque fue brutal,0,1.0,convenciooo
esperamos muchísimo para entrar,-1,0.24989672878630903,Unknown
Todo muy bien organizado ya que fue brutal,-1,0.01615625924316618,Unknown
Buhos estuvo genial,0,0.04051285326675633,convenciooo
Buhos hizo vibrar al público mientras fue brutal,0,1.0,convenciooo
Colas interminables un desastre,-1,0.024418181058922437,Unknown
Esperamos muchísimo para entrar,-1,0.28907293614451435,Unknown
Desastre en la organización vibraaa,2,0.03488047316212709,colas
Todo muy bien organizado,-1,0.02242266010046389,Unknown
Tiempos de espera razonables,1,1.0,comida
Sonido distorsionado y muy alto,3,1.0,alto
Stay Homas lo dieron todo,0,0.0546383022365599,convenciooo
Demasiada gente agobiante super biennn,1,0.3062296642229625,comida
Stay Homas hizo vibrar al público cuando fue brutal,0,0.054341297121920484,convenciooo
sonido distorsionado y muy alto,3,1.0,alto
Esperamos muchísimo para entrar,-1,0.28922144214333617,Unknown
La comida estuvo increíble,1,1.0,comida
Volumen fatal lo dio todooo,0,0.1533765262595801,convenciooo
Ambiente cargado y mal rollo,3,0.24158732056334284,alto
Muy mal organizado todo lo dio todooo,-1,0.016502558273644226,Unknown
No había casi colas,2,1.0,colas
No había casi colas porque fue brutal,0,1.0,convenciooo
Stay Homas decepcionante,0,0.054773845439999906,convenciooo
Bad Gyal decepcionante porque fue brutal,0,0.1266110483849834,convenciooo
Volumen fatal aunque fue brutal,0,0.15474789188749297,convenciooo
Muy buen ambiente,0,0.03179890901883546,convenciooo
Esperamos muchísimo para entrar,-1,0.2887905716476058,Unknown
Bad Gyal hizo vibrar al público,0,0.1264104806812082,convenciooo
Carísima y mala la comida,3,1.0,alto
Sonido distorsionado y muy alto,3,1.0,alto
esperamos muchísimo para entrar,-1,0.2500266304505024,Unknown
Demasiada gente agobiante ya que fue brutal,0,1.0,convenciooo
Quevedo decepcionante ya que fue brutal,0,1.0,convenciooo
El sonido fue perfecto,4,1.0,sonido
Ambiente regular como siempre,0,0.026243760378228828,convenciooo
Esperamos muchísimo para entrar,-1,0.2889751998260399,Unknown
Organización como cualquier festival,2,0.23193837643170517,colas
Carísima y mala la comida,3,1.0,alto
Ambiente cargado y mal rollo,3,0.2436832837576271,alto
Comida normal nada especial,-1,0.2784201262981771,Unknown
Volumen fatal mientras fue brutal,0,0.1541012120790666,convenciooo
rigoberta bandini lo dieron todo aunque fue brutal,0,1.0,convenciooo
Tiempos de espera razonables,1,1.0,comida
Ambiente cargado y mal rollo,3,0.24319234543028886,alto
Stay Homas lo dieron todo,0,0.05471081738432131,convenciooo
No había casi colas,2,1.0,colas
organización como cualquier festival,0,0.04143118635771645,convenciooo
Buhos decepcionante no convenciooo aunque fue brutal,0,1.0,convenciooo
Todo muy bien organizado,-1,0.022478199316696895,Unknown
organización como cualquier festival,0,0.041430066964544404,convenciooo
El sonido fue perfecto,4,1.0,sonido
No había casi colas,2,1.0,colas
Ambiente regular como siempre,0,0.026264475772551036,convenciooo
Ambiente cargado y mal rollo,3,0.24245154687987244,alto
No había casi colas,2,1.0,colas
Lildami hizo vibrar al público genialll,0,0.514200301398675,convenciooo
Ambiente cargado y mal rollo,3,0.2449449467607662,alto
Volumen fatal aunque fue brutal,0,0.15461711136596606,convenciooo
Colas interminables un desastre,-1,0.02440339568273799,Unknown
Carísima y mala la comida,3,1.0,alto
Ambiente regular como siempre,0,0.02645959607188016,convenciooo
Colas interminables un desastre,-1,0.024351512366978294,Unknown
Tiempos de espera razonables super biennn,1,1.0,comida
buhos hizo vibrar al público,0,0.6135656975345949,convenciooo
carísima y mala la comida,3,1.0,alto
Bad Gyal estuvo genial,0,0.12711361500879012,convenciooo
Esperamos muchísimo para entrar,-1,0.2896118260358902,Unknown
Ambiente cargado y mal rollo super biennn,3,0.23766457080819808,alto
No había casi colas,2,1.0,colas
Comida normal nada especial cuando fue brutal,-1,0.28485916844973447,Unknown
esperamos muchísimo para entrar flipanteee,-1,0.2504272485343302,Unknown
tiempos de espera razonables,1,1.0,comida
Colas interminables un desastre,-1,0.024411171528833844,Unknown
no había casi colas,2,1.0,colas
Me encantó la comida del festival xq,4,0.477378257475766,sonido
lola índigo estuvo genial,0,0.04215915202283279,convenciooo
Colas interminables un desastre flipanteee,-1,0.024414890749951613,Unknown
No había casi colas,2,1.0,colas
Muy mal organizado todo,-1,0.016543579787183946,Unknown
Comida normal nada especial,-1,0.2785928490449915,Unknown
no había casi colas,2,1.0,colas
La comida estuvo increíble,1,1.0,comida
Me encantó la comida del festival,4,0.4778889483482303,sonido
Demasiada gente agobiante,1,0.31195408147451914,comida
Tiempos de espera razonables,1,1.0,comida
Ambiente cargado y mal rollo,3,0.24393868832027565,alto
organización como cualquier festival,0,0.04140868654861032,convenciooo
colas interminables un desastre aunque fue brutal,0,0.5004764361508974,convenciooo
desastre en la organización,2,0.03483811074046909,colas
Lola Índigo hizo vibrar al público,0,0.9574683740691595,convenciooo
Rosalía hizo vibrar al público,0,0.6234816642160503,convenciooo
Comida normal nada especial,-1,0.27874581717258873,Unknown
Sonido distorsionado y muy alto,3,1.0,alto
Colas interminables un desastre,-1,0.02447220496171455,Unknown
No había casi colas,2,1.0,colas
Todo muy bien organizado aunque fue brutal,-1,0.016165886744795365,Unknown
Demasiada gente agobiante,1,0.31186051515175367,comida
Desastre en la organización,2,0.03495535084434139,colas
Todo muy bien organizado,-1,0.022438737370512836,Unknown
lildami estuvo genial,0,0.04358711793124086,convenciooo
Muy mal organizado todo,-1,0.01655027778612084,Unknown
sonido distorsionado y muy alto toa,3,1.0,alto
Colas interminables un desastre,-1,0.024378754112296258,Unknown
esperamos muchísimo para entrar,-1,0.2495220834618829,Unknown
Colas interminables un desastre,-1,0.024413071394125713,Unknown
Organización como cualquier festival no convenciooo,2,0.23266524136075195,colas
Comida normal nada especial genialll,-1,0.2806078588590576,Unknown
Tiempos de espera razonables,1,1.0,comida
Desastre en la organización,2,0.0349823937731701,colas
Organización como cualquier festival no convenciooo,2,0.23162397668744586,colas
Muy mal organizado todo,-1,0.01654547930571424,Unknown
Carísima y mala la comida,3,1.0,alto
Demasiada gente agobiante,1,0.3115205489969497,comida
Tiempos de espera razonables,1,1.0,comida
Bad Gyal lo dieron todo,0,0.12737292445563783,convenciooo
Lola Índigo hizo vibrar al público porque fue brutal,0,1.0,convenciooo
Demasiada gente agobiante,1,0.310355217775327,comida
Ambiente cargado y mal rollo porque fue brutal,0,1.0,convenciooo
the tyets lo dieron todo toa,0,0.42799857241104117,convenciooo
Me encantó la comida del festival mientras fue brutal,1,1.0,comida
The Tyets decepcionante,0,0.4671760447825458,convenciooo
El sonido fue perfecto,4,1.0,sonido
esperamos muchísimo para entrar,-1,0.24999429353728392,Unknown
Desastre en la organización,2,0.03495989463321426,colas
Colas interminables un desastre,-1,0.024427850312689507,Unknown
Comida normal nada especial cuando fue brutal,-1,0.2849233640521412,Unknown
Todo muy bien organizado,-1,0.022344766359068454,Unknown
Tiempos de espera razonables,1,1.0,comida
Bad Gyal hizo vibrar al público xq,0,0.1262547401398052,convenciooo
No había casi colas,2,1.0,colas
Comida normal nada especial,-1,0.27913828992968975,Unknown
Tiempos de espera razonables,1,1.0,comida
Ambiente regular como siempre,0,0.026318768048871573,convenciooo
Muy mal organizado todo,-1,0.01654615330491433,Unknown
Stay Homas decepcionante cuando fue brutal,0,0.054277740420569646,convenciooo
Sonido distorsionado y muy alto porque fue brutal,0,0.04384368896826747,convenciooo
todo muy bien organizado porque fue brutal,-1,0.01616449111632056,Unknown
Rigoberta Bandini decepcionante no convenciooo,0,1.0,convenciooo
Buhos estuvo genial,0,0.04042700661580153,convenciooo
rosalía decepcionante porque fue brutal,0,1.0,convenciooo
Esperamos muchísimo para entrar,-1,0.290846669795827,Unknown
Muy mal organizado todo,-1,0.016548660541774507,Unknown
Rigoberta Bandini lo dieron todo,0,1.0,convenciooo
ambiente regular como siempre,0,0.026519274421196542,convenciooo
Me encantó la comida del festival,4,0.4777380739081879,sonido
No había casi colas,2,1.0,colas
Colas interminables un desastre,-1,0.0243539846800734,Unknown
Desastre en la organización,2,0.03484140721818006,colas
No había casi colas,2,1.0,colas
Esperamos muchísimo para entrar,-1,0.28934576296926545,Unknown
Muy buen ambiente super biennn,0,0.03164450033513261,convenciooo
todo muy bien organizado,-1,0.02242688880555139,Unknown
no había casi colas,2,1.0,colas
Quevedo lo dieron todo no convenciooo,0,0.1319094153716172,convenciooo
Muy buen ambiente aunque fue brutal,0,1.0,convenciooo
la comida estuvo increíble,1,1.0,comida
Aitana estuvo genial mientras fue brutal,0,1.0,convenciooo
Desastre en la organización,2,0.03490211808588758,colas
Ambiente regular como siempre,0,0.026280546600653747,convenciooo
No había casi colas,2,1.0,colas
desastre en la organización bno,2,0.034625414350713875,colas
Demasiada gente agobiante,1,0.3134533428575469,comida
stay homas estuvo genial ya que fue brutal,0,0.05483505237909208,convenciooo
Sonido distorsionado y muy alto lo dio todooo,3,1.0,alto
Carísima y mala la comida,3,1.0,alto
no había casi colas,2,1.0,colas
Ambiente cargado y mal rollo,3,0.24493087073079103,alto
bad gyal lo dieron todo,0,0.12745626339315963,convenciooo
ambiente regular como siempre,0,0.026521965657810193,convenciooo
Colas interminables un desastre,-1,0.024403616208757372,Unknown
La comida estuvo increíble,1,1.0,comida
Quevedo estuvo genial,0,0.03982463025738342,convenciooo
Tiempos de espera razonables,1,1.0,comida
Colas interminables un desastre,-1,0.024385179695470313,Unknown
Colas interminables un desastre,-1,0.024337208081481248,Unknown
Organización como cualquier festival,2,0.2308571963738547,colas
el sonido fue perfecto flipanteee,4,1.0,sonido
Demasiada gente agobiante vibraaa,1,0.3064087632019648,comida
The Tyets estuvo genial,0,0.432915432371246,convenciooo
El sonido fue perfecto,4,1.0,sonido
Comida normal nada especial aunque fue brutal,-1,0.2850214210740614,Unknown
stay homas decepcionante,0,0.054791602175674206,convenciooo
Todo muy bien organizado,-1,0.022419061225230474,Unknown
colas interminables un desastre,0,0.49694536208171414,convenciooo
Personal muy amable,0,0.02441169720640499,convenciooo
Lildami hizo vibrar al público,0,0.5214466099524934,convenciooo
Sonido distorsionado y muy alto,3,1.0,alto
Opciones veganas muy buenas,-1,0.2093216582036637,Unknown
Desastre en la organización,2,0.03498437401654552,colas
Tiempos de espera razonables,1,1.0,comida
No había información clara,4,0.4221192335876094,sonido
Stay Homas brutal  lo dio todooo,0,0.05411985726799616,convenciooo
Ambiente festivo todo el rato,0,0.024442655390221658,convenciooo
Quevedo lo dio todo,0,0.13462417400153875,convenciooo
Buhos fue espectacular,0,0.041218217469504895,convenciooo
Rosalía estuvo genial,0,0.6179750621852935,convenciooo
Lildami hizo vibrar al público,0,0.5324007558952621,convenciooo
Organización como cualquier festival,2,0.23109051774598227,colas
Sin colas para baños,2,1.0,colas
Ambiente festivo todo el rato,0,0.024494722527274797,convenciooo
Aitana lo dio todooo,0,0.12412343346855438,convenciooo
Carísima y mala la comida,3,1.0,alto
Demasiado cara la bebida,1,0.3070069475980786,comida
Buena gestión de accesos,-1,0.023340908623423067,Unknown
Quevedo lo dio todo,0,0.13425945799771377,convenciooo
Volumen demasiado alto,4,0.999870995329067,sonido
Tiempos de espera razonables,1,1.0,comida
Acceso súper ágil,-1,0.023341227660421116,Unknown
Quevedo lo dio todo,0,0.13436795350000824,convenciooo
Poca variedad en la comida,-1,0.28208719810497823,Unknown
Muy buen ambiente,0,0.031692759048635645,convenciooo
Rigoberta Bandini increíble,0,1.0,convenciooo
Muy bien todo,0,0.03973526987383427,convenciooo
Muy mal organizado todo super biennn,-1,0.016522630339572606,Unknown
Stay Homas brutal,0,0.05402539771660897,convenciooo
Buen rollo entre la gente,0,0.02444473822694586,convenciooo
Volumen demasiado alto,4,1.0,sonido
No se oía nada en la parte de atrás,4,0.43565498184234747,sonido
No había casi colas,2,1.0,colas
Acceso súper ágil,-1,0.023341342497267836,Unknown
Ambiente regular como siempre  super biennn,0,0.02655755939717851,convenciooo
Demasiada gente agobiante  no convenciooo,1,0.3088884302327596,comida
Colas interminables un desastre,-1,0.024406744806641154,Unknown
Buena gestión de accesos,-1,0.02334067382610824,Unknown
No se oía nada en la parte de atrás,4,0.43473169582104293,sonido
The Tyets lo dieron todo,0,0.43442305602186954,convenciooo
Demasiada gente agobiante,1,0.3127559918301883,comida
Poca variedad en la comida,-1,0.28194515272432025,Unknown
Muy mal organizado todo,-1,0.01655376299366182,Unknown
Rosalía estuvo genial,0,0.617243793622303,convenciooo
Buhos fue espectacular,0,0.041167464892751325,convenciooo
Carísima y mala la comida,3,1.0,alto
No había información clara,4,0.4228210790886383,sonido
Rosalía estuvo genial,0,0.6175251011788938,convenciooo
Ambiente regular como siempre,0,0.026279571264608483,convenciooo
Ambiente regular como siempre,0,0.026359278386531147,convenciooo
El sonido fue perfecto,4,1.0,sonido
Esperamos muchísimo para entrar,-1,0.2896203151541347,Unknown
Carísima y mala la comida toa,3,1.0,alto
Volumen demasiado alto,4,0.9935996120892739,sonido
Buena gestión de accesos k,-1,0.023338089707377902,Unknown
Muy buen ambiente,0,0.03174233575391133,convenciooo
Aitana lo dio todooo,0,0.12420919290642682,convenciooo
No había información clara,4,0.4225287608243702,sonido
El sonido fue perfecto,4,1.0,sonido
Tiempos de espera razonables,1,1.0,comida
Problemas de sonido al inicio,3,1.0,alto
Organización como cualquier festival  xq,2,0.22773725080028603,colas
Opciones veganas muy buenas,-1,0.20930142668501772,Unknown
Rigoberta Bandini increíble,0,1.0,convenciooo
Comida normal nada especial,-1,0.27871420855628515,Unknown
Buena gestión de accesos,-1,0.02334057393949784,Unknown
Acceso súper ágil,-1,0.02334154166535629,Unknown
Ambiente regular como siempre,0,0.026413054568327075,convenciooo
Organización como cualquier festival xq,2,0.2271155825986731,colas
Demasiada gente agobiante,1,0.31441850270478633,comida
Rosalía estuvo genial toa,0,0.6130439186373854,convenciooo
Buen rollo entre la gente,0,0.024528027708728806,convenciooo
Problemas de sonido al inicio,3,1.0,alto
Ambiente regular como siempre,0,0.02634347999531732,convenciooo
Acceso súper ágil,-1,0.023341119480498385,Unknown
The Tyets lo dieron todo,0,0.4357909108655568,convenciooo
Personal muy amable,0,0.024377692777387848,convenciooo
Organización como cualquier festival bno,2,0.22881862219943885,colas
Muy buena la oferta de food trucks,1,1.0,comida
El sonido fue perfecto,4,1.0,sonido
El sonido fue perfecto,4,1.0,sonido
Demasiado cara la bebida,1,0.3079883813249609,comida
Acceso súper ágil,-1,0.023341663140834034,Unknown
Esperamos muchísimo para entrar,-1,0.2890717909289155,Unknown
Ambiente festivo todo el rato,0,0.024419355691072873,convenciooo
Rosalía estuvo genial no convenciooo,0,0.6177118293869862,convenciooo
No había información clara,4,0.42313048642579615,sonido
Ambiente tranquilo flipanteee,0,0.03182051613966024,convenciooo
Muy mal organizado todo k,-1,0.01655792504580888,Unknown
Ambiente regular como siempre,0,0.02626211853068004,convenciooo
Colas interminables un desastre,-1,0.02438517989443492,Unknown
La comida estuvo increíble tmb,1,1.0,comida
Ambiente festivo todo el rato,0,0.024451359583196875,convenciooo
No había información clara,4,0.42231604855319277,sonido
Opciones veganas muy buenas,-1,0.20929580119223148,Unknown
Bad Gyal decepcionante,0,0.12553055788760215,convenciooo
Todo muy bien organizado,-1,0.022451264970979348,Unknown
Ambiente regular como siempre,0,0.026330272275238098,convenciooo
Colas para todo,-1,0.024728492610889097,Unknown
Ambiente regular como siempre,0,0.0263233115201375,convenciooo
Aitana lo dio todooo,0,0.12371479684936389,convenciooo
Stay Homas brutal,0,0.05407334658810979,convenciooo
Sin colas para baños,2,1.0,colas
Tiempos de espera razonables,1,1.0,comida
No se oía nada en la parte de atrás bno,4,0.43028312456555307,sonido
Bad Gyal decepcionante,0,0.12550654259950142,convenciooo
No había casi colas,2,1.0,colas
Quevedo lo dio todo,0,0.13420067895845392,convenciooo
Volumen demasiado alto,4,1.0,sonido
Muy buen ambiente k,0,0.0317560694241154,convenciooo
Ambiente regular como siempre,0,0.026254918488228907,convenciooo
Stay Homas brutal,0,0.05395865617243049,convenciooo
Bad Gyal decepcionante,0,0.12583391207475994,convenciooo
No se oía nada en la parte de atrás,4,0.43594200071828304,sonido
No se oía nada en la parte de atrás,4,0.4346213174378248,sonido
Colas interminables un desastre,-1,0.0243929221114991,Unknown
Demasiada gente agobiante,1,0.3122754454609766,comida
Organización como cualquier festival,2,0.23143420876511728,colas
The Tyets lo dieron todo,0,0.43620308207399294,convenciooo
Rosalía estuvo genial,0,0.618167378951967,convenciooo
Buhos fue espectacular,0,0.04136826872562604,convenciooo
Muy mal organizado todo,-1,0.01658419179264497,Unknown
No había casi colas,2,1.0,colas
Buhos fue espectacular,0,0.041190733386396075,convenciooo
Muy bien todo,0,0.03964199934852475,convenciooo
Buena gestión de accesos,-1,0.02334061172111889,Unknown
Stay Homas brutal,0,0.054028997575045944,convenciooo
Comida normal nada especial,-1,0.2788337660380767,Unknown
Todo muy bien organizado,-1,0.02245331733229988,Unknown
Colas para todo,-1,0.02471633024727123,Unknown
El sonido fue perfecto,4,1.0,sonido
No había casi colas,2,1.0,colas
Muy buena la oferta de food trucks tmb,1,1.0,comida
Rosalía estuvo genial,0,0.6164106023457488,convenciooo
Ambiente festivo todo el rato,0,0.024521860778673278,convenciooo
Quevedo lo dio todo,0,0.13417519977229764,convenciooo
Rigoberta Bandini increíble,0,1.0,convenciooo
Colas interminables un desastre,-1,0.02440672641791663,Unknown
Aitana lo dio todooo,0,0.12429883847678747,convenciooo
Carísima y mala la comida lo dio todooo,3,1.0,alto
Acceso súper ágil,-1,0.023341238072159202,Unknown
Me encantó la comida del festival,4,0.47868942459351715,sonido
Sin colas para baños,2,1.0,colas
Muy buena la oferta de food trucks,1,1.0,comida
El sonido fue perfecto,4,1.0,sonido
Sin colas para baños,2,1.0,colas
Buena gestión de accesos,-1,0.02333933461926368,Unknown
Quevedo lo dio todo,0,0.1343666153882988,convenciooo
Volumen demasiado alto,4,1.0,sonido
Organización como cualquier festival,2,0.23265145276982926,colas
Lildami hizo vibrar al público,0,0.5314582716254629,convenciooo
Comida normal nada especial,-1,0.2785345320215888,Unknown
Volumen demasiado alto,4,1.0,sonido
Carísima y mala la comida,3,1.0,alto
Ambiente cargado y mal rollo,3,0.24368205389818157,alto
Buen sonido en todos los escenarios,4,1.0,sonido
Opciones veganas muy buenas,-1,0.20852337386363273,Unknown
Demasiado calor  tmb,1,0.3038784386077383,comida
Acceso súper ágil,-1,0.023341081208565543,Unknown
Muy buena la oferta de food trucks,1,1.0,comida
Ambiente festivo todo el rato,0,0.024522292170507835,convenciooo
Muy mal organizado todo,-1,0.01655722139371014,Unknown
Volumen demasiado alto xq,4,1.0,sonido
Volumen demasiado alto toa,4,1.0,sonido
The Tyets lo dieron todo,0,0.43408997130436283,convenciooo
Cerveza caliente xq,1,0.29952468820286504,comida
Ambiente regular como siempre,0,0.026312327963294996,convenciooo
Acceso súper ágil,-1,0.023340912145770464,Unknown
Ambiente festivo todo el rato,0,0.024484377552900706,convenciooo
Muy buen ambiente,0,0.03168552439271387,convenciooo
Colas para todo,-1,0.024718278944935394,Unknown
Rigoberta Bandini increíble,0,1.0,convenciooo
Acceso súper ágil,-1,0.023341268055451222,Unknown
Sonido distorsionado y muy alto,3,1.0,alto
Ambiente festivo todo el rato,0,0.024519918383522257,convenciooo
Bad Gyal decepcionante,0,0.12554095329397522,convenciooo
Buhos fue espectacular,0,0.04119643628195784,convenciooo
Poca variedad en la comida,-1,0.2820952089704921,Unknown
Lildami hizo vibrar al público,0,0.5453516527903808,convenciooo
El sonido fue perfecto,4,1.0,sonido
El sonido fue perfecto,4,1.0,sonido
Buena gestión de accesos,-1,0.023338851509550042,Unknown
Bad Gyal decepcionante toa,0,0.12567801525463976,convenciooo
Acceso súper ágil,-1,0.023341495426040613,Unknown
Opciones veganas muy buenas,-1,0.20929742578486799,Unknown
Problemas de sonido al inicio,3,1.0,alto
Colas para todo,-1,0.02471197656439662,Unknown
Volumen demasiado alto k,4,1.0,sonido
Muy buen ambiente,0,0.03172740339474242,convenciooo
Me encantó la comida del festival,4,0.47873830396840505,sonido
No había casi colas lo dio todooo,2,1.0,colas
The Tyets lo dieron todo,0,0.43450133536049707,convenciooo
Quevedo lo dio todo,0,0.13440672100228235,convenciooo
Buen rollo entre la gente,0,0.024435711177561367,convenciooo
El sonido fue perfecto,4,1.0,sonido
Opciones veganas muy buenas bno,-1,0.20929492422577559,Unknown
Buen rollo entre la gente,0,0.02445017722915754,convenciooo
Acceso súper ágil,-1,0.02334152189325551,Unknown
No había información clara,4,0.4231219169305971,sonido
Esperamos muchísimo para entrar,-1,0.28835802835016855,Unknown
El sonido fue perfecto,4,1.0,sonido
Muy bien todo,0,0.039757468219032664,convenciooo
Comida normal nada especial lo dio todooo,-1,0.27835314889278473,Unknown
Buena gestión de accesos,-1,0.023339060641034866,Unknown
Colas interminables un desastre,-1,0.024416580352873165,Unknown
Volumen perfecto bno,4,1.0,sonido
The Tyets lo dieron todo no convenciooo,0,0.43370611805305415,convenciooo
Ambiente festivo todo el rato,0,0.02449118177996479,convenciooo
Quevedo lo dio todo,0,0.1345047447930501,convenciooo
Muy mal organizado todo,-1,0.01655710219494395,Unknown
Ambiente festivo todo el rato,0,0.024538083694471982,convenciooo
Muy buen ambiente,0,0.031781280861729044,convenciooo
Esperamos media hora para entrar,-1,0.2498631178945919,Unknown
Buen sonido en todos los escenarios,4,1.0,sonido
Stay Homas brutal,0,0.053999372245539905,convenciooo
No había casi colas,2,1.0,colas
Opciones veganas muy buenas,-1,0.2092956349831246,Unknown
Organización como cualquier festival,2,0.23069042288149863,colas
Poca variedad en la comida,-1,0.281863370309164,Unknown
Carísima y mala la comida,3,1.0,alto
Bad Gyal decepcionante,0,0.12553597128859006,convenciooo
Me encantó la comida del festival,4,0.4809548995979339,sonido
Colas para todo,-1,0.024716510346730475,Unknown
Todo muy bien organizado,-1,0.022402888337877097,Unknown
The Tyets lo dieron todo,0,0.4354442271722299,convenciooo
La comida estuvo increíble,1,1.0,comida
Esperamos muchísimo para entrar xq,-1,0.2882558459852751,Unknown
No se oía nada en la parte de atrás k,4,0.43361108704305024,sonido
Desastre en la organización,2,0.03498274630631083,colas
Me encantó la comida del festival,4,0.47796540977523816,sonido
Colas interminables un desastre no convenciooo,-1,0.024521992523572844,Unknown
Demasiado cara la bebida,1,0.3064438795285258,comida
Rigoberta Bandini increíble,0,1.0,convenciooo
Tiempos de espera razonables,1,1.0,comida
Tiempos de espera razonables,1,1.0,comida
Ambiente cargado y mal rollo,3,0.24633714508306156,alto
Carísima y mala la comida,3,1.0,alto
No había información clara,4,0.4236904147399554,sonido
No se oía nada en la parte de atrás,4,0.43342810552992767,sonido
Problemas de sonido al inicio,3,1.0,alto
Buena gestión de accesos,-1,0.023339112190713766,Unknown
Demasiado calor bno,1,0.3030310373208807,comida
No se oía nada en la parte de atrás,4,0.4334526003899982,sonido
Aitana lo dio todooo,0,0.12424018465232567,convenciooo
Comida normal nada especial,-1,0.27809021361739317,Unknown
Rigoberta Bandini increíble,0,1.0,convenciooo
No se oía nada en la parte de atrás,4,0.43454872880341244,sonido
Quevedo lo dio todo,0,0.13413032523068547,convenciooo
Ambiente regular como siempre,0,0.026279752659366048,convenciooo
Sonido distorsionado y muy alto,3,1.0,alto
No se oía nada en la parte de atrás,4,0.4342927661112779,sonido
Buen sonido en todos los escenarios,4,1.0,sonido
Ambiente regular como siempre,0,0.026271757593367577,convenciooo
Problemas de sonido al inicio,3,1.0,alto
No había casi colas,2,1.0,colas
Rosalía estuvo genial,0,0.6186487414246368,convenciooo
Tiempos de espera razonables,1,1.0,comida
Buen rollo entre la gente,0,0.024480726019667064,convenciooo
Muy bien todo,0,0.039610115694234546,convenciooo
Lildami hizo vibrar al público,0,0.5310644289373984,convenciooo
Ambiente cargado y mal rollo,3,0.24508561419720223,alto
Ambiente festivo todo el rato,0,0.024503850671063424,convenciooo
Sonido distorsionado y muy alto,3,1.0,alto
Sin colas para baños,2,1.0,colas
Muy bien todo,0,0.03964291450868759,convenciooo
